Word,type,syllable,V_Quality,ID,Iteration,stress_level,stress_type,quality,Vowel_Duration_(ms)
aazvaaɳ,CVVC,vaaɳ,aa,MS0,1,phrase,secondary,1,145.7044433
aazvaaɳ,CVVC,vaaɳ,aa,MS0,1,word,secondary,1,121.553
bazvaaɳ,CVVC,vaaɳ,aa,MS0,1,phrase,primary,1,125.7873378
bazvaaɳ,CVVC,vaaɳ,aa,MS0,1,word,primary,1,95.33166144
daaɣdaar,CVVC,daar,aa,MS0,1,phrase,secondary,1,157.5951827
daaɣdaar,CVVC,daar,aa,MS0,1,word,secondary,1,116.5767239
ɖaaŋgaar,CVVC,gaar,aa,MS0,1,phrase,secondary,1,181.2053571
ɖaaŋgaar,CVVC,gaar,aa,MS0,1,word,secondary,1,144.540625
dʒoondaar,CVVC,daar,aa,MS0,1,phrase,secondary,2,179.5482678
dʒoondaar,CVVC,daar,aa,MS0,1,word,secondary,2,148.1687917
ɖeekii,CVV,ɖee,ee,MS0,1,phrase,primary,2,131.8689236
ɖeekii,CVV,ɖee,ee,MS0,1,word,primary,2,119.7238863
ɖeekiiz,CVV,ɖee,ee,MS0,1,phrase,secondary,1,151.5122753
ɖeekiiz,CVV,ɖee,ee,MS0,1,word,secondary,1,117.6656078
gandgii,CVCC,gand,a,MS0,1,phrase,unstressed,1,62.71377518
gandgii,CVCC,gand,a,MS0,1,word,unstressed,1,51.82423007
gandyo,CVCC,gand,a,MS0,1,phrase,primary,3,74.2490625
gandyo,CVCC,gand,a,MS0,1,word,primary,3,62.47406046
gaɽku,CVC,gaɽ,a,MS0,1,word,primary,1,87.10109267
gaɽku,CVC,gaɽ,a,MS0,1,phrase,primary,1,73.68194444
gaɽkuu,CVC,gaɽ,a,MS0,1,phrase,unstressed,1,86.69435377
gaɽkuu,CVC,gaɽ,a,MS0,1,word,unstressed,1,65.53236586
godaaɽ,CVVC,daaɽ,aa,MS0,1,phrase,primary,1,178.1682367
godaaɽ,CVVC,daaɽ,aa,MS0,1,word,primary,1,161.0258719
kaaɣaa,CVV,kaa,aa,MS0,1,phrase,primary,1,150.2186849
kaaɣaa,CVV,kaa,aa,MS0,1,word,primary,1,104.8493108
kaaɣaaz,CVV,kaa,aa,MS0,1,phrase,secondary,1,140.9322181
kaaɣaaz,CVV,kaa,aa,MS0,1,word,secondary,1,122.0869391
kaardaar,CVVC,daar,aa,MS0,1,phrase,secondary,1,178.1032449
kaardaar,CVVC,daar,aa,MS0,1,word,secondary,1,133.0952597
kaca,CV,ka,a,MS0,1,phrase,primary,1,74.46895143
kaca,CV,ka,a,MS0,1,word,primary,1,77.78564815
kacar,CV,ka,a,MS0,1,phrase,unstressed,1,71.49879772
kacar,CV,ka,a,MS0,1,word,unstressed,1,53.72138111
kadaar,CVVC,daar,aa,MS0,1,phrase,primary,1,189.7473876
kadaar,CVVC,daar,aa,MS0,1,word,primary,1,143.3207774
kʰaba,CV,kʰa,a,MS0,1,phrase,primary,1,69.36645833
kʰaba,CV,kʰa,a,MS0,1,word,primary,1,62.53891882
kʰabaaɽ,CV,kʰa,a,MS0,1,phrase,unstressed,1,56.49684247
kʰabaaɽ,CV,kʰa,a,MS0,1,word,unstressed,1,51.374958
laŋgaar,CVVC,gaar,aa,MS0,1,phrase,primary,1,147.8739831
laŋgaar,CVVC,gaar,aa,MS0,1,word,primary,1,130.1100725
maza,CV,ma,a,MS0,1,phrase,primary,1,102.1700778
maza,CV,ma,a,MS0,1,word,primary,1,81.49285564
mazar,CV,ma,a,MS0,1,phrase,unstressed,1,95.50092155
mazar,CV,ma,a,MS0,1,word,unstressed,1,76.78130357
mazdaar,CVVC,daar,aa,MS0,1,phrase,primary,1,164.8275207
mazdaar,CVVC,daar,aa,MS0,1,word,primary,1,133.7933621
patʰre,CVC,patʰ,a,MS0,1,phrase,primary,1,75.91636473
patʰre,CVC,patʰ,a,MS0,1,word,primary,1,69.2091557
patʰreez,CVC,patʰ,a,MS0,1,phrase,unstressed,1,71.9619403
patʰreez,CVC,patʰ,a,MS0,1,word,unstressed,1,54.46020312
peekiiz,CVV,pee,ee,MS0,1,phrase,secondary,1,131.5449074
peekiiz,CVV,pee,ee,MS0,1,word,secondary,1,115.8337674
yaka,CV,ya,a,MS0,1,phrase,primary,1,93.49828644
yaka,CV,ya,a,MS0,1,word,primary,3,79.24305556
yakaɽ,CV,ya,a,MS0,1,phrase,unstressed,1,93.92650051
yakaɽ,CV,ya,a,MS0,1,word,unstressed,2,68.49754902
aazvaaɳ,CVVC,vaaɳ,aa,MS0,2,phrase,secondary,2,120.7233967
aazvaaɳ,CVVC,vaaɳ,aa,MS0,2,word,secondary,1,108.2296972
bazvaaɳ,CVVC,vaaɳ,aa,MS0,2,phrase,primary,2,131.6618336
bazvaaɳ,CVVC,vaaɳ,aa,MS0,2,word,primary,1,92.39115919
beeɣii,CVV,bee,ẽẽ,MS0,2,phrase,primary,2,111.778538
beeɣii,CVV,bee,ẽẽ,MS0,2,word,primary,2,136.2177575
beeɣiiz,CVV,bee,ẽẽ,MS0,2,phrase,secondary,1,154.0658865
beeɣiiz,CVV,bee,ẽẽ,MS0,2,word,secondary,1,118.4466667
daaɣdaar,CVVC,daar,aa,MS0,2,phrase,secondary,2,155.1697654
daaɣdaar,CVVC,daar,aa,MS0,2,word,secondary,1,129.5795079
gandgii,CVCC,gand,a,MS0,2,phrase,unstressed,1,70.3706532
gandgii,CVCC,gand,a,MS0,2,word,unstressed,1,57.98318839
gandyo,CVCC,gand,a,MS0,2,phrase,primary,2,83.16954365
gandyo,CVCC,gand,a,MS0,2,word,primary,1,77.02127235
gaɽku,CVC,gaɽ,a,MS0,2,word,primary,4,91.55345689
gaɽku,CVC,gaɽ,a,MS0,2,phrase,primary,2,78.52995024
gaɽkuu,CVC,gaɽ,a,MS0,2,phrase,unstressed,1,84.24100053
gaɽkuu,CVC,gaɽ,a,MS0,2,word,unstressed,2,70.91302083
godaaɽ,CVVC,daaɽ,aa,MS0,2,phrase,primary,1,176.0339662
godaaɽ,CVVC,daaɽ,aa,MS0,2,word,primary,1,130.5540782
kaaɣaa,CVV,kaa,aa,MS0,2,phrase,primary,1,150.4836642
kaaɣaa,CVV,kaa,aa,MS0,2,word,primary,1,134.1916268
kaaɣaaz,CVV,kaa,aa,MS0,2,phrase,secondary,1,155.5388889
kaaɣaaz,CVV,kaa,aa,MS0,2,word,secondary,1,128.7629244
kaardaar,CVVC,daar,aa,MS0,2,phrase,secondary,1,170.181749
kaardaar,CVVC,daar,aa,MS0,2,word,secondary,1,131.7584433
kaca,CV,ka,a,MS0,2,phrase,primary,1,67.55749936
kaca,CV,ka,a,MS0,2,word,primary,1,60.92994444
kacar,CV,ka,a,MS0,2,phrase,unstressed,1,63.52021011
kacar,CV,ka,a,MS0,2,word,unstressed,1,49.93124365
kadaar,CVVC,daar,aa,MS0,2,phrase,primary,1,169.4249459
kadaar,CVVC,daar,aa,MS0,2,word,primary,1,127.5890598
kʰaba,CV,kʰa,a,MS0,2,phrase,primary,1,59.44453899
kʰaba,CV,kʰa,a,MS0,2,word,primary,1,54.25015536
kʰabaaɽ,CV,kʰa,a,MS0,2,phrase,unstressed,1,75.26773649
kʰabaaɽ,CV,kʰa,a,MS0,2,word,unstressed,1,51.35347801
laŋgaar,CVVC,gaar,aa,MS0,2,phrase,primary,1,155.0446664
laŋgaar,CVVC,gaar,aa,MS0,2,word,primary,1,131.3352842
maza,CV,ma,a,MS0,2,phrase,primary,1,98.11388889
maza,CV,ma,a,MS0,2,word,primary,1,83.82980419
mazar,CV,ma,a,MS0,2,phrase,unstressed,1,82.11546197
mazar,CV,ma,a,MS0,2,word,unstressed,1,50.49922161
mazdaar,CVVC,daar,aa,MS0,2,phrase,primary,1,156.9636838
mazdaar,CVVC,daar,aa,MS0,2,word,primary,1,120.8601822
peekiiz,CVV,pee,ee,MS0,2,phrase,secondary,1,118.465383
peekiiz,CVV,pee,ee,MS0,2,word,secondary,1,107.0528681
čeebii,CVV,čee,ee,MS0,2,phrase,primary,2,147.687088
čeebii,CVV,čee,ee,MS0,2,word,primary,1,112.198696
čeebiiz,CVV,čee,ee,MS0,2,phrase,secondary,1,134.803452
čeebiiz,CVV,čee,ee,MS0,2,word,secondary,1,115.000887
ɖaaŋgaar,CVVC,gaar,aa,MS0,2,phrase,secondary,1,127.422272
ɖaaŋgaar,CVVC,gaar,aa,MS0,2,word,secondary,1,113.681188
ɖeekii,CVV,ɖee,ee,MS0,2,phrase,primary,2,150.757725
ɖeekii,CVV,ɖee,ee,MS0,2,word,primary,1,111.845246
ɖeekiiz,CVV,ɖee,ee,MS0,2,phrase,secondary,1,132.127155
ɖeekiiz,CVV,ɖee,ee,MS0,2,word,secondary,1,119.562273
aazvaaɳ,CVVC,vaaɳ,aa,AA0,1,phrase,secondary,2,104.6421569
aazvaaɳ,CVVC,vaaɳ,aa,AA0,1,word,secondary,1,100.403046
beeɣii,CVV,bee,ẽẽ,AA0,1,phrase,primary,2,148.0024621
beeɣii,CVV,bee,ẽẽ,AA0,1,word,primary,2,113.6213189
beeɣiiz,CVV,bee,ẽẽ,AA0,1,phrase,secondary,1,127.4418728
beeɣiiz,CVV,bee,ẽẽ,AA0,1,word,secondary,1,95.4827503
belti,CVC,bel,e,AA0,1,phrase,primary,1,107.5764371
belti,CVC,bel,e,AA0,1,word,primary,1,82.1432209
beltiiz,CVC,bel,e,AA0,1,phrase,unstressed,1,108.0943556
beltiiz,CVC,bel,e,AA0,1,word,unstressed,1,92.85463308
cuki,CV,cu,u,AA0,1,phrase,primary,1,58.16065593
cuki,CV,cu,u,AA0,1,word,primary,1,55.62377451
cukiiɳ,CV,cu,u,AA0,1,phrase,unstressed,1,64.35131086
cukiiɳ,CV,cu,u,AA0,1,word,unstressed,1,29.44115823
daaɣdaar,CVVC,daar,aa,AA0,1,phrase,secondary,1,124.2063267
daaɣdaar,CVVC,daar,aa,AA0,1,word,secondary,1,115.0726389
dʒantrii,CVCC,dʒant,a,AA0,1,phrase,unstressed,1,92.93422012
dʒantrii,CVCC,dʒant,a,AA0,1,word,unstressed,1,59.47372685
dʒoondaar,CVVC,daar,aa,AA0,1,phrase,secondary,2,137.7789142
dʒoondaar,CVVC,daar,aa,AA0,1,word,secondary,1,130.0164931
gandgii,CVCC,gand,a,AA0,1,phrase,unstressed,1,81.15412558
gandgii,CVCC,gand,a,AA0,1,phrase,unstressed,2,99.81873907
gandgii,CVCC,gand,a,AA0,1,word,unstressed,1,70.71597835
gandgii,CVCC,gand,a,AA0,1,word,unstressed,1,59.89529712
gandyo,CVCC,gand,a,AA0,1,phrase,primary,1,85.55203349
gandyo,CVCC,gand,a,AA0,1,word,primary,1,72.67860289
godaaɽ,CVVC,daaɽ,aa,AA0,1,phrase,primary,1,130.2801858
godaaɽ,CVVC,daaɽ,aa,AA0,1,word,primary,1,126.664822
kaardaar,CVVC,daar,aa,AA0,1,phrase,secondary,1,135.9527088
kaardaar,CVVC,daar,aa,AA0,1,word,secondary,1,115.8897406
kaaɣaa,CVV,kaa,aa,AA0,1,phrase,primary,1,158.5558506
kaaɣaa,CVV,kaa,aa,AA0,1,word,primary,1,138.1647242
kaaɣaaz,CVV,kaa,aa,AA0,1,phrase,secondary,1,131.595453
kaaɣaaz,CVV,kaa,aa,AA0,1,word,secondary,1,103.4972734
kaca,CV,ka,a,AA0,1,phrase,primary,1,78.98309448
kaca,CV,ka,a,AA0,1,word,primary,1,63.66952261
kacar,CV,ka,a,AA0,1,phrase,unstressed,1,68.62547565
kacar,CV,ka,a,AA0,1,word,unstressed,1,65.28884372
kadaar,CVVC,daar,aa,AA0,1,phrase,primary,1,134.500145
kadaar,CVVC,daar,aa,AA0,1,word,primary,1,116.044495
kʰaba,CV,kʰa,a,AA0,1,phrase,primary,1,69.94725923
kʰaba,CV,kʰa,a,AA0,1,word,primary,1,46.25555556
kʰabaaɽ,CV,kʰa,a,AA0,1,phrase,unstressed,1,69.55036975
kʰabaaɽ,CV,kʰa,a,AA0,1,word,unstressed,1,51.94502741
laŋgaar,CVVC,gaar,aa,AA0,1,phrase,primary,1,147.3010334
laŋgaar,CVVC,gaar,aa,AA0,1,word,primary,1,146.6144053
maza,CV,ma,a,AA0,1,phrase,primary,1,87.5700789
maza,CV,ma,a,AA0,1,word,primary,1,61.80025338
mazar,CV,ma,a,AA0,1,phrase,unstressed,2,83.76379119
mazar,CV,ma,a,AA0,1,word,unstressed,1,54.33304104
mazdaar,CVVC,daar,aa,AA0,1,phrase,primary,1,156.6977667
mazdaar,CVVC,daar,aa,AA0,1,word,primary,1,125.347028
patʰre,CVC,patʰ,a,AA0,1,phrase,primary,1,65.13384655
patʰre,CVC,patʰ,a,AA0,1,word,primary,1,59.12882966
patʰreez,CVC,patʰ,a,AA0,1,phrase,unstressed,1,64.54503968
patʰreez,CVC,patʰ,a,AA0,1,word,unstressed,1,30.35453184
peekiiz,CVV,pee,ee,AA0,1,phrase,secondary,1,119.1523407
peekiiz,CVV,pee,ee,AA0,1,word,secondary,1,110.2941046
saŋgtoob,CVCC,saŋg,a,AA0,1,phrase,unstressed,2,66.31668392
saŋgtoob,CVCC,saŋg,a,AA0,1,word,unstressed,2,50.4480235
saŋgyo,CVCC,saŋg,a,AA0,1,phrase,primary,1,87.4720398
saŋgyo,CVCC,saŋg,a,AA0,1,word,primary,1,55.10648148
yaka,CV,ya,a,AA0,1,phrase,primary,1,94.96678197
yaka,CV,ya,a,AA0,1,word,primary,1,66.75769231
yakaɽ,CV,ya,a,AA0,1,phrase,unstressed,1,61.33075264
yakaɽ,CV,ya,a,AA0,1,word,unstressed,1,67.63158272
čeebii,CVV,čee,ee,AA0,1,phrase,primary,1,113.4415195
čeebii,CVV,čee,ee,AA0,1,word,primary,1,90.98792517
čeebiiz,CVV,čee,ee,AA0,1,phrase,secondary,1,119.2401083
čeebiiz,CVV,čee,ee,AA0,1,word,secondary,1,98.06272616
ɖaaŋgaar,CVVC,gaar,aa,AA0,1,phrase,secondary,1,122.9115682
ɖaaŋgaar,CVVC,gaar,aa,AA0,1,word,secondary,1,112.5534522
ɖeekii,CVV,ɖee,ee,AA0,1,phrase,primary,1,138.7852198
ɖeekii,CVV,ɖee,ee,AA0,1,word,primary,1,140.8572479
ɖeekiiz,CVV,ɖee,ee,AA0,1,phrase,secondary,1,132.1125864
ɖeekiiz,CVV,ɖee,ee,AA0,1,word,secondary,1,141.7370209
aazvaaɳ,CVVC,vaaɳ,aa,AA0,2,phrase,secondary,1,130.5303057
aazvaaɳ,CVVC,vaaɳ,aa,AA0,2,word,secondary,1,114.7331247
bazvaaɳ,CVVC,vaaɳ,aa,AA0,2,phrase,primary,2,116.6677005
bazvaaɳ,CVVC,vaaɳ,aa,AA0,2,word,primary,2,102.3970353
beeɣii,CVV,bee,ẽẽ,AA0,2,phrase,primary,1,114.0578262
beeɣii,CVV,bee,ẽẽ,AA0,2,word,primary,1,114.6098648
beeɣiiz,CVV,bee,ẽẽ,AA0,2,phrase,secondary,1,130.9398562
beeɣiiz,CVV,bee,ẽẽ,AA0,2,word,secondary,1,95.52021474
belti,CVC,bel,e,AA0,2,phrase,primary,1,97.28322811
belti,CVC,bel,e,AA0,2,word,primary,1,94.0884512
beltiiz,CVC,bel,e,AA0,2,phrase,unstressed,1,98.3383161
beltiiz,CVC,bel,e,AA0,2,word,unstressed,1,90.52383207
cuki,CV,cu,u,AA0,2,phrase,primary,1,60.81142677
cuki,CV,cu,u,AA0,2,word,primary,1,45.01886925
cukiiɳ,CV,cu,u,AA0,2,phrase,unstressed,1,59.32581751
cukiiɳ,CV,cu,u,AA0,2,word,unstressed,1,46.60364583
daaɣdaar,CVVC,daar,aa,AA0,2,phrase,secondary,1,132.0108401
daaɣdaar,CVVC,daar,aa,AA0,2,word,secondary,1,130.8060948
dʒoondaar,CVVC,daar,aa,AA0,2,phrase,secondary,1,146.8799695
dʒoondaar,CVVC,daar,aa,AA0,2,word,secondary,1,120.8073244
gandgii,CVCC,gand,a,AA0,2,phrase,unstressed,1,79.47575101
gandgii,CVCC,gand,a,AA0,2,word,unstressed,1,64.5610322
gandyo,CVCC,gand,a,AA0,2,phrase,primary,1,79.06934635
gandyo,CVCC,gand,a,AA0,2,word,primary,1,71.30017215
godaaɽ,CVVC,daaɽ,aa,AA0,2,phrase,primary,1,142.606023
godaaɽ,CVVC,daaɽ,aa,AA0,2,word,primary,1,133.4703968
kaardaar,CVVC,daar,aa,AA0,2,phrase,secondary,1,148.2240493
kaardaar,CVVC,daar,aa,AA0,2,word,secondary,1,119.1239712
kaaɣaa,CVV,kaa,aa,AA0,2,phrase,primary,1,146.1041466
kaaɣaa,CVV,kaa,aa,AA0,2,word,primary,1,123.7759259
kaaɣaaz,CVV,kaa,aa,AA0,2,phrase,secondary,1,134.3971605
kaaɣaaz,CVV,kaa,aa,AA0,2,word,secondary,1,108.6391001
kaca,CV,ka,a,AA0,2,phrase,primary,1,75.22401449
kaca,CV,ka,a,AA0,2,word,primary,1,63.81599825
kacar,CV,ka,a,AA0,2,phrase,unstressed,2,78.78541916
kacar,CV,ka,a,AA0,2,word,unstressed,1,47.76517857
kadaar,CVVC,daar,aa,AA0,2,phrase,primary,1,157.8369999
kadaar,CVVC,daar,aa,AA0,2,word,primary,1,135.8419444
kutre,CVC,kut,u,AA0,2,phrase,primary,1,68.74081747
kutre,CVC,kut,u,AA0,2,word,primary,2,67.35798611
kutreez,CVC,kut,u,AA0,2,phrase,unstressed,1,71.02660256
kutreez,CVC,kut,u,AA0,2,word,unstressed,1,34.13141026
kʰaba,CV,kʰa,a,AA0,2,phrase,primary,1,70.40948276
kʰaba,CV,kʰa,a,AA0,2,word,primary,1,74.35755208
kʰabaaɽ,CV,kʰa,a,AA0,2,phrase,unstressed,1,79.98135965
kʰabaaɽ,CV,kʰa,a,AA0,2,word,unstressed,1,47.81026171
laŋgaar,CVVC,gaar,aa,AA0,2,phrase,primary,1,139.7257791
laŋgaar,CVVC,gaar,aa,AA0,2,word,primary,1,137.5462417
maza,CV,ma,a,AA0,2,phrase,primary,1,78.06508201
maza,CV,ma,a,AA0,2,word,primary,1,66.35309222
mazar,CV,ma,a,AA0,2,phrase,unstressed,1,73.04478244
mazar,CV,ma,a,AA0,2,word,unstressed,1,44.38899101
mazdaar,CVVC,daar,aa,AA0,2,phrase,primary,1,140.4762794
mazdaar,CVVC,daar,aa,AA0,2,word,primary,1,125.6155309
mistrii,CVCC,mist,i,AA0,2,phrase,unstressed,1,49.13986641
mistrii,CVCC,mist,i,AA0,2,word,unstressed,1,30.73541667
mistriyo,CVCC,mist,i,AA0,2,phrase,primary,1,64.20358555
mistriyo,CVCC,mist,i,AA0,2,word,primary,1,42.50733333
muski,CVC,mus,u,AA0,2,word,primary,2,47.60318814
muskii,CVC,mus,u,AA0,2,word,unstressed,1,37.67239694
patʰre,CVC,patʰ,a,AA0,2,phrase,primary,1,75.35085784
patʰre,CVC,patʰ,a,AA0,2,word,primary,1,53.01660401
patʰreez,CVC,patʰ,a,AA0,2,phrase,unstressed,1,71.75837743
patʰreez,CVC,patʰ,a,AA0,2,word,unstressed,1,45.87384578
peekii,CVV,pee,ee,AA0,2,phrase,primary,1,113.451439
peekii,CVV,pee,ee,AA0,2,phrase,primary,1,132.9781311
peekii,CVV,pee,ee,AA0,2,word,primary,1,103.7868304
peekii,CVV,pee,ee,AA0,2,phrase,primary,1,81.7829609
peekiiz,CVV,pee,ee,AA0,2,phrase,secondary,1,115.0007479
peekiiz,CVV,pee,ee,AA0,2,word,secondary,1,81.99608254
saŋgtoob,CVCC,saŋg,a,AA0,2,phrase,unstressed,1,79.28864254
saŋgtoob,CVCC,saŋg,a,AA0,2,word,unstressed,1,68.40509259
saŋgyo,CVCC,saŋg,a,AA0,2,phrase,primary,1,81.56416063
saŋgyo,CVCC,saŋg,a,AA0,2,word,primary,1,57.38478261
yaka,CV,ya,a,AA0,2,phrase,primary,1,69.015625
yaka,CV,ya,a,AA0,2,word,primary,1,78.0125
yakaɽ,CV,ya,a,AA0,2,phrase,unstressed,2,79.53836364
yakaɽ,CV,ya,a,AA0,2,word,unstressed,2,79.95876116
čeebii,CVV,čee,ee,AA0,2,phrase,primary,1,121.1388889
čeebii,CVV,čee,ee,AA0,2,word,primary,1,96.93164062
čeebiiz,CVV,čee,ee,AA0,2,phrase,secondary,1,103.5310017
čeebiiz,CVV,čee,ee,AA0,2,word,secondary,1,73.20648522
ɖaaŋgaar,CVVC,gaar,aa,AA0,2,phrase,secondary,,120.4695428
ɖaaŋgaar,CVVC,gaar,aa,AA0,2,word,secondary,1,98.07395833
ɖeekii,CVV,ɖee,ee,AA0,2,phrase,primary,1,131.7957589
ɖeekii,CVV,ɖee,ee,AA0,2,word,primary,1,129.2966766
ɖeekiiz,CVV,ɖee,ee,AA0,2,phrase,secondary,1,127.2721852
ɖeekiiz,CVV,ɖee,ee,AA0,2,word,secondary,1,103.683168
aazvaaɳ,CVVC,vaaɳ,aa,MA2,1,phrase,secondary,1,134.1192226
aazvaaɳ,CVVC,vaaɳ,aa,MA2,1,word,secondary,1,91.45337963
bazvaaɳ,CVVC,vaaɳ,aa,MA2,1,phrase,primary,2,136.9211931
bazvaaɳ,CVVC,vaaɳ,aa,MA2,1,word,primary,2,108.6805556
beeɣii,CVV,bee,ẽẽ,MA2,1,phrase,primary,1,132.0598666
beeɣii,CVV,bee,ẽẽ,MA2,1,word,primary,1,87.08743307
beeɣiiz,CVV,bee,ẽẽ,MA2,1,phrase,secondary,1,129.7963803
beeɣiiz,CVV,bee,ẽẽ,MA2,1,word,secondary,1,84.34566886
belti,CVC,bel,e,MA2,1,phrase,primary,2,111.6064003
belti,CVC,bel,e,MA2,1,word,primary,2,105.3510417
beltiiz,CVC,bel,e,MA2,1,phrase,unstressed,1,119.4846026
beltiiz,CVC,bel,e,MA2,1,word,unstressed,1,84.50572774
cuki,CV,cu,u,MA2,1,phrase,primary,1,84.05737766
cuki,CV,cu,u,MA2,1,word,primary,1,72.19811077
cukiiɳ,CV,cu,u,MA2,1,phrase,unstressed,1,69.58510599
cukiiɳ,CV,cu,u,MA2,1,word,unstressed,1,52.41036184
daaɣdaar,CVVC,daar,aa,MA2,1,phrase,secondary,1,135.5305991
daaɣdaar,CVVC,daar,aa,MA2,1,word,secondary,2,116.1116508
dʒantrii,CVCC,dʒant,a,MA2,1,phrase,unstressed,1,88.71128876
dʒantrii,CVCC,dʒant,a,MA2,1,word,unstressed,1,61.1596848
dʒantriyo,CVCC,dʒant,a,MA2,1,phrase,primary,3,87.16376543
dʒantriyo,CVCC,dʒant,a,MA2,1,word,primary,3,82.23958333
dʒoondaar,CVVC,daar,aa,MA2,1,phrase,secondary,1,155.8425815
dʒoondaar,CVVC,daar,aa,MA2,1,word,secondary,1,130.6498843
godaaɽ,CVVC,daaɽ,aa,MA2,1,phrase,primary,1,159.5397639
godaaɽ,CVVC,daaɽ,aa,MA2,1,word,primary,1,145.710676
kaardaar,CVVC,daar,aa,MA2,1,phrase,secondary,1,146.8703821
kaardaar,CVVC,daar,aa,MA2,1,word,secondary,1,114.8397817
kaaɣaa,CVV,kaa,aa,MA2,1,phrase,primary,1,146.6990095
kaaɣaa,CVV,kaa,aa,MA2,1,word,primary,1,128.8149038
kaaɣaaz,CVV,kaa,aa,MA2,1,phrase,secondary,1,135.6459253
kaaɣaaz,CVV,kaa,aa,MA2,1,word,secondary,1,131.2346799
kaca,CV,ka,a,MA2,1,phrase,primary,1,79.06551594
kaca,CV,ka,a,MA2,1,word,primary,2,76.44804422
kacar,CV,ka,a,MA2,1,phrase,unstressed,1,85.69232514
kacar,CV,ka,a,MA2,1,word,unstressed,1,55.43298611
kadaar,CVVC,daar,aa,MA2,1,phrase,primary,1,167.4936441
kadaar,CVVC,daar,aa,MA2,1,word,primary,1,130.6317623
kʰaba,CV,kʰa,a,MA2,1,phrase,primary,1,83.41764746
kʰaba,CV,kʰa,a,MA2,1,word,primary,1,110.9343642
kʰabaaɽ,CV,kʰa,a,MA2,1,phrase,unstressed,1,97.07385946
kʰabaaɽ,CV,kʰa,a,MA2,1,word,unstressed,1,70.09452862
laŋgaar,CVVC,gaar,aa,MA2,1,phrase,primary,1,153.8676549
laŋgaar,CVVC,gaar,aa,MA2,1,word,primary,1,141.5515365
maza,CV,ma,a,MA2,1,phrase,primary,1,105.6845796
maza,CV,ma,a,MA2,1,word,primary,1,88.17796193
mazar,CV,ma,a,MA2,1,phrase,unstressed,1,87.29091589
mazar,CV,ma,a,MA2,1,word,unstressed,1,78.7756063
mazdaar,CVVC,daar,aa,MA2,1,phrase,primary,1,157.5274859
mazdaar,CVVC,daar,aa,MA2,1,word,primary,1,125.7592746
patʰre,CVC,patʰ,a,MA2,1,phrase,primary,1,91.98103801
patʰre,CVC,patʰ,a,MA2,1,word,primary,1,77.4286859
patʰreez,CVC,patʰ,a,MA2,1,phrase,unstressed,1,87.60723958
patʰreez,CVC,patʰ,a,MA2,1,word,unstressed,1,75.49008467
peekiiz,CVV,pee,ee,MA2,1,phrase,secondary,1,128.9805717
peekiiz,CVV,pee,ee,MA2,1,word,secondary,1,114.5193431
saŋgtoob,CVCC,saŋg,a,MA2,1,phrase,unstressed,1,43.13305354
saŋgtoob,CVCC,saŋg,a,MA2,1,word,unstressed,1,43.73343226
saŋgyo,CVCC,saŋg,a,MA2,1,phrase,primary,4,48.91721587
saŋgyo,CVCC,saŋg,a,MA2,1,word,primary,4,59.17041171
yaka,CV,ya,a,MA2,1,phrase,primary,1,79.48947439
yaka,CV,ya,a,MA2,1,word,primary,1,72.50744048
yakaɽ,CV,ya,a,MA2,1,phrase,unstressed,1,88.57673984
yakaɽ,CV,ya,a,MA2,1,word,unstressed,1,63.26923077
čeebii,CVV,čee,ee,MA2,1,phrase,primary,1,115.28125
čeebii,CVV,čee,ee,MA2,1,word,primary,1,101.4383929
čeebiiz,CVV,čee,ee,MA2,1,phrase,secondary,1,115.6252345
čeebiiz,CVV,čee,ee,MA2,1,word,secondary,1,93.30988596
ɖaaŋgaar,CVVC,gaar,aa,MA2,1,phrase,secondary,1,141.678415
ɖaaŋgaar,CVVC,gaar,aa,MA2,1,word,secondary,1,137.3340016
ɖeekii,CVV,ɖee,ee,MA2,1,phrase,primary,1,121.9764466
ɖeekii,CVV,ɖee,ee,MA2,1,word,primary,1,111.3297697
ɖeekiiz,CVV,ɖee,ee,MA2,1,phrase,secondary,1,111.4021048
ɖeekiiz,CVV,ɖee,ee,MA2,1,word,secondary,1,101.4035088
aazvaaɳ,CVVC,vaaɳ,aa,MA2,2,phrase,secondary,1,117.9409722
aazvaaɳ,CVVC,vaaɳ,aa,MA2,2,word,secondary,1,110.3298944
bazvaaɳ,CVVC,vaaɳ,aa,MA2,2,phrase,primary,2,165.9906046
bazvaaɳ,CVVC,vaaɳ,aa,MA2,2,word,primary,2,128.6975
beeɣii,CVV,bee,ẽẽ,MA2,2,phrase,primary,1,118.8529778
beeɣii,CVV,bee,ẽẽ,MA2,2,word,primary,1,80.03420172
beeɣiiz,CVV,bee,ẽẽ,MA2,2,phrase,secondary,1,119.3622202
beeɣiiz,CVV,bee,ẽẽ,MA2,2,word,secondary,1,84.02039492
belti,CVC,bel,e,MA2,2,phrase,primary,1,118.0543024
belti,CVC,bel,e,MA2,2,word,primary,1,91.21642015
beltiiz,CVC,bel,e,MA2,2,phrase,unstressed,1,104.1707198
beltiiz,CVC,bel,e,MA2,2,word,unstressed,1,81.15028736
cuki,CV,cu,u,MA2,2,phrase,primary,1,72.3121368
cuki,CV,cu,u,MA2,2,word,primary,1,74.01569581
cukiiɳ,CV,cu,u,MA2,2,phrase,unstressed,1,81.38234439
cukiiɳ,CV,cu,u,MA2,2,word,unstressed,1,64.94371345
daaɣdaar,CVVC,daar,aa,MA2,2,phrase,secondary,1,137.3663899
daaɣdaar,CVVC,daar,aa,MA2,2,word,secondary,1,116.2247954
dʒoondaar,CVVC,daar,aa,MA2,2,phrase,secondary,1,122.2629973
dʒoondaar,CVVC,daar,aa,MA2,2,word,secondary,1,125.1523103
gandgii,CVCC,gand,a,MA2,2,phrase,unstressed,1,90.86187955
gandgii,CVCC,gand,a,MA2,2,word,unstressed,1,59.38229167
gandyo,CVCC,gand,a,MA2,2,phrase,primary,1,81.8696256
gandyo,CVCC,gand,a,MA2,2,word,primary,1,65.23555217
gaɽku,CVC,gaɽ,a,MA2,2,word,primary,4,92.64823997
gaɽkuu,CVC,gaɽ,a,MA2,2,word,unstressed,1,91.09574164
godaaɽ,CVVC,daaɽ,aa,MA2,2,phrase,primary,1,152.1404879
godaaɽ,CVVC,daaɽ,aa,MA2,2,word,primary,1,127.2039159
istrii,CVCC,ist,i,MA2,2,phrase,unstressed,1,94.28941175
istrii,CVCC,ist,i,MA2,2,word,unstressed,1,77.55509945
istriyo,CVCC,ist,i,MA2,2,phrase,primary,1,66.26055136
istriyo,CVCC,ist,i,MA2,2,word,primary,1,83.45085283
kaardaar,CVVC,daar,aa,MA2,2,phrase,secondary,1,130.632076
kaardaar,CVVC,daar,aa,MA2,2,word,secondary,1,93.38732475
kaaɣaa,CVV,kaa,aa,MA2,2,phrase,primary,1,134.6100734
kaaɣaa,CVV,kaa,aa,MA2,2,word,primary,1,98.32177304
kaaɣaaz,CVV,kaa,aa,MA2,2,phrase,secondary,1,128.2336461
kaaɣaaz,CVV,kaa,aa,MA2,2,word,secondary,1,102.0561988
kaca,CV,ka,a,MA2,2,phrase,primary,1,77.69043861
kaca,CV,ka,a,MA2,2,word,primary,1,61.33534489
kacar,CV,ka,a,MA2,2,phrase,unstressed,1,87.49024561
kacar,CV,ka,a,MA2,2,word,unstressed,1,50.02724576
kadaar,CVVC,daar,aa,MA2,2,phrase,primary,1,142.5331282
kadaar,CVVC,daar,aa,MA2,2,word,primary,1,115.893562
kutre,CVC,kut,u,MA2,2,phrase,primary,1,79.88970588
kutre,CVC,kut,u,MA2,2,phrase,primary,1,75.34985978
kutre,CVC,kut,u,MA2,2,word,primary,2,57.7720427
kutre,CVC,kut,u,MA2,2,word,primary,1,66.45138889
kutreez,CVC,kut,u,MA2,2,phrase,unstressed,1,61.90047369
kutreez,CVC,kut,u,MA2,2,word,unstressed,1,55.46059303
kʰaba,CV,kʰa,a,MA2,2,phrase,primary,1,80.4504072
kʰaba,CV,kʰa,a,MA2,2,word,primary,1,96.30124735
kʰabaaɽ,CV,kʰa,a,MA2,2,phrase,unstressed,1,89.94206057
kʰabaaɽ,CV,kʰa,a,MA2,2,word,unstressed,1,76.59489329
laŋgaar,CVVC,gaar,aa,MA2,2,phrase,primary,1,160.6711987
laŋgaar,CVVC,gaar,aa,MA2,2,word,primary,1,129.3608617
maza,CV,ma,a,MA2,2,phrase,primary,1,93.8101896
maza,CV,ma,a,MA2,2,word,primary,1,68.20294466
mazar,CV,ma,a,MA2,2,phrase,unstressed,1,81.36111111
mazar,CV,ma,a,MA2,2,word,unstressed,1,71.03290629
mazdaar,CVVC,daar,aa,MA2,2,phrase,primary,1,132.6866649
mazdaar,CVVC,daar,aa,MA2,2,word,primary,1,115.9134769
mistrii,CVCC,mist,i,MA2,2,phrase,unstressed,1,59.32282711
mistrii,CVCC,mist,i,MA2,2,word,unstressed,1,48.55929487
mistriyo,CVCC,mist,i,MA2,2,phrase,primary,1,65.87618886
mistriyo,CVCC,mist,i,MA2,2,word,primary,2,79.36095137
muski,CVC,mus,u,MA2,2,phrase,primary,1,73.09464286
muski,CVC,mus,u,MA2,2,word,primary,1,71.47430556
muskii,CVC,mus,u,MA2,2,phrase,unstressed,1,65.49293155
muskii,CVC,mus,u,MA2,2,word,unstressed,1,53.58123358
patʰre,CVC,patʰ,a,MA2,2,phrase,primary,1,83.06120249
patʰre,CVC,patʰ,a,MA2,2,word,primary,1,81.28769841
patʰreez,CVC,patʰ,a,MA2,2,phrase,unstressed,1,82.23097826
patʰreez,CVC,patʰ,a,MA2,2,word,unstressed,1,61.14889022
peekii,CVV,pee,ee,MA2,2,phrase,primary,1,111.7914701
peekii,CVV,pee,ee,MA2,2,phrase,primary,1,130.953817
peekii,CVV,pee,ee,MA2,2,word,primary,1,115.7996795
peekii,CVV,pee,ee,MA2,2,word,primary,1,101.1888642
peekiiz,CVV,pee,ee,MA2,2,phrase,secondary,1,117.1221523
peekiiz,CVV,pee,ee,MA2,2,word,secondary,1,95.56692538
saŋgtoob,CVCC,saŋg,a,MA2,2,phrase,unstressed,1,58.67690929
saŋgtoob,CVCC,saŋg,a,MA2,2,word,unstressed,1,57.49577423
saŋgyo,CVCC,saŋg,a,MA2,2,phrase,primary,2,71.00603949
saŋgyo,CVCC,saŋg,a,MA2,2,word,primary,2,74.91620025
yaka,CV,ya,a,MA2,2,phrase,primary,1,103.5317029
yaka,CV,ya,a,MA2,2,word,primary,1,85.98916361
yakaɽ,CV,ya,a,MA2,2,phrase,unstressed,1,80.02763158
yakaɽ,CV,ya,a,MA2,2,word,unstressed,1,75.384375
čeebii,CVV,čee,ee,MA2,2,phrase,primary,1,110.9258095
čeebii,CVV,čee,ee,MA2,2,word,primary,1,89.06270833
čeebiiz,CVV,čee,ee,MA2,2,phrase,secondary,1,121.9361726
čeebiiz,CVV,čee,ee,MA2,2,word,secondary,1,91.70418107
ɖaaŋgaar,CVVC,gaar,aa,MA2,2,phrase,secondary,1,139.240625
ɖaaŋgaar,CVVC,gaar,aa,MA2,2,word,secondary,1,107.6421463
ɖeekii,CVV,ɖee,ee,MA2,2,phrase,primary,1,134.9586858
ɖeekii,CVV,ɖee,ee,MA2,2,word,primary,1,100.0593364
ɖeekiiz,CVV,ɖee,ee,MA2,2,word,secondary,1,99.01865625
aazvaaɳ,CVVC,vaaɳ,aa,IA0,1,phrase,secondary,2,133.5907682
aazvaaɳ,CVVC,vaaɳ,aa,IA0,1,word,secondary,2,100.5249001
bazvaaɳ,CVVC,vaaɳ,aa,IA0,1,phrase,primary,1,133.6771272
bazvaaɳ,CVVC,vaaɳ,aa,IA0,1,word,primary,1,115.3965756
beeɣii,CVV,bee,ẽẽ,IA0,1,phrase,primary,1,162.2124786
beeɣii,CVV,bee,ẽẽ,IA0,1,word,primary,1,121.7129974
beeɣiiz,CVV,bee,ẽẽ,IA0,1,phrase,secondary,1,167.5556045
beeɣiiz,CVV,bee,ẽẽ,IA0,1,word,secondary,1,104.4083078
belti,CVC,bel,e,IA0,1,phrase,primary,2,123.3811303
belti,CVC,bel,e,IA0,1,word,primary,2,99.81234038
beltiiz,CVC,bel,e,IA0,1,phrase,unstressed,1,105.6707054
beltiiz,CVC,bel,e,IA0,1,word,unstressed,1,78.84156118
cuki,CV,cu,u,IA0,1,word,primary,2,42.02391975
cukiiɳ,CV,cu,u,IA0,1,word,unstressed,1,29.75424383
daaɣdaar,CVVC,daar,aa,IA0,1,phrase,secondary,1,165.4320437
daaɣdaar,CVVC,daar,aa,IA0,1,word,secondary,1,92.89825949
dʒantrii,CVCC,dʒant,a,IA0,1,phrase,unstressed,1,76.05453391
dʒantrii,CVCC,dʒant,a,IA0,1,word,unstressed,1,62.30824341
dʒantriyo,CVCC,dʒant,a,IA0,1,phrase,primary,2,84.47944651
dʒantriyo,CVCC,dʒant,a,IA0,1,word,primary,2,64.29800809
dʒoondaar,CVVC,daar,aa,IA0,1,phrase,secondary,1,162.7766722
dʒoondaar,CVVC,daar,aa,IA0,1,word,secondary,1,142.2601639
gandgii,CVCC,gand,a,IA0,1,phrase,unstressed,1,70.16283333
gandgii,CVCC,gand,a,IA0,1,word,unstressed,1,58.04600241
gandyo,CVCC,gand,a,IA0,1,phrase,primary,1,71.65896146
gandyo,CVCC,gand,a,IA0,1,word,primary,1,54.92892961
godaaɽ,CVVC,daaɽ,aa,IA0,1,phrase,primary,1,162.576194
godaaɽ,CVVC,daaɽ,aa,IA0,1,word,primary,1,120.1117216
kaardaar,CVVC,daar,aa,IA0,1,phrase,secondary,1,155.2702212
kaardaar,CVVC,daar,aa,IA0,1,word,secondary,1,107.3567239
kaaɣaa,CVV,kaa,aa,IA0,1,phrase,primary,1,169.3222399
kaaɣaa,CVV,kaa,aa,IA0,1,word,primary,1,127.4420132
kaaɣaaz,CVV,kaa,aa,IA0,1,phrase,secondary,1,155.6651936
kaaɣaaz,CVV,kaa,aa,IA0,1,word,secondary,1,113.1803537
kaca,CV,ka,a,IA0,1,phrase,primary,1,73.66992744
kaca,CV,ka,a,IA0,1,word,primary,1,53.95345745
kacar,CV,ka,a,IA0,1,phrase,unstressed,1,58.52087187
kacar,CV,ka,a,IA0,1,word,unstressed,1,45.24561404
kadaar,CVVC,daar,aa,IA0,1,phrase,primary,1,168.2318795
kadaar,CVVC,daar,aa,IA0,1,word,primary,1,97.09573102
kʰaba,CV,kʰa,a,IA0,1,phrase,primary,1,58.28660429
kʰaba,CV,kʰa,a,IA0,1,word,primary,1,58.65230688
kʰabaaɽ,CV,kʰa,a,IA0,1,phrase,unstressed,1,69.96655116
kʰabaaɽ,CV,kʰa,a,IA0,1,word,unstressed,1,49.66814822
laŋgaar,CVVC,gaar,aa,IA0,1,phrase,primary,1,198.6409765
laŋgaar,CVVC,gaar,aa,IA0,1,word,primary,1,150.0821759
maza,CV,ma,a,IA0,1,phrase,primary,1,91.11579608
maza,CV,ma,a,IA0,1,word,primary,1,67.4366933
mazar,CV,ma,a,IA0,1,phrase,unstressed,1,76.9635458
mazar,CV,ma,a,IA0,1,word,unstressed,1,36.80411851
mazdaar,CVVC,daar,aa,IA0,1,phrase,primary,1,169.5937921
mazdaar,CVVC,daar,aa,IA0,1,word,primary,1,120.1125
patʰre,CVC,patʰ,a,IA0,1,word,primary,1,67.85648865
patʰreez,CVC,patʰ,a,IA0,1,word,unstressed,1,52.89152961
peekiiz,CVV,pee,ee,IA0,1,phrase,secondary,1,105.741878
peekiiz,CVV,pee,ee,IA0,1,word,secondary,1,84.63572025
saŋgtoob,CVCC,saŋg,a,IA0,1,phrase,unstressed,1,65.33276191
saŋgtoob,CVCC,saŋg,a,IA0,1,word,unstressed,1,47.87692969
saŋgyo,CVCC,saŋg,a,IA0,1,phrase,primary,1,69.35262009
saŋgyo,CVCC,saŋg,a,IA0,1,word,primary,1,58.9925
yaka,CV,ya,a,IA0,1,phrase,primary,4,76.54224497
yaka,CV,ya,a,IA0,1,word,primary,1,75.95433624
yakaɽ,CV,ya,a,IA0,1,phrase,unstressed,1,70.36573875
yakaɽ,CV,ya,a,IA0,1,word,unstressed,1,44.94170553
čeebii,CVV,čee,ee,IA0,1,phrase,primary,1,131.0634131
čeebii,CVV,čee,ee,IA0,1,word,primary,1,86.23239734
čeebiiz,CVV,čee,ee,IA0,1,phrase,secondary,1,125.8099336
čeebiiz,CVV,čee,ee,IA0,1,word,secondary,1,90.70098039
ɖaaŋgaar,CVVC,gaar,aa,IA0,1,phrase,secondary,1,157.6513194
ɖaaŋgaar,CVVC,gaar,aa,IA0,1,word,secondary,1,116.8128547
ɖeekii,CVV,ɖee,ee,IA0,1,phrase,primary,1,118.2340719
ɖeekii,CVV,ɖee,ee,IA0,1,word,primary,1,107.7958302
ɖeekiiz,CVV,ɖee,ee,IA0,1,phrase,secondary,1,122.6730412
ɖeekiiz,CVV,ɖee,ee,IA0,1,word,secondary,1,112.2717255
aazvaaɳ,CVVC,vaaɳ,aa,IA0,2,phrase,secondary,1,121.4174525
aazvaaɳ,CVVC,vaaɳ,aa,IA0,2,word,secondary,1,94.71260417
bazvaaɳ,CVVC,vaaɳ,aa,IA0,2,phrase,primary,1,120.7284799
bazvaaɳ,CVVC,vaaɳ,aa,IA0,2,word,primary,1,90.47172702
beeɣii,CVV,bee,ẽẽ,IA0,2,phrase,primary,1,129.0737645
beeɣii,CVV,bee,ẽẽ,IA0,2,word,primary,1,108.9630975
beeɣiiz,CVV,bee,ẽẽ,IA0,2,phrase,secondary,1,126.6904941
beeɣiiz,CVV,bee,ẽẽ,IA0,2,word,secondary,1,97.71550853
belti,CVC,bel,e,IA0,2,phrase,primary,4,120.5217998
belti,CVC,bel,e,IA0,2,word,primary,4,83.33162909
beltiiz,CVC,bel,e,IA0,2,phrase,unstressed,1,127.7604555
beltiiz,CVC,bel,e,IA0,2,word,unstressed,1,82.25208571
cuki,CV,cu,u,IA0,2,phrase,primary,1,44.67939453
cuki,CV,cu,u,IA0,2,word,primary,1,39.87280093
cukiiɳ,CV,cu,u,IA0,2,phrase,unstressed,1,57.17126758
cukiiɳ,CV,cu,u,IA0,2,word,unstressed,1,38.085
daaɣdaar,CVVC,daar,aa,IA0,2,phrase,secondary,1,144.3490897
daaɣdaar,CVVC,daar,aa,IA0,2,word,secondary,1,98.0440987
dʒantrii,CVCC,dʒant,a,IA0,2,phrase,unstressed,1,78.91038742
dʒantrii,CVCC,dʒant,a,IA0,2,word,unstressed,1,73.50409466
dʒantriyo,CVCC,dʒant,a,IA0,2,phrase,primary,2,68.37907529
dʒantriyo,CVCC,dʒant,a,IA0,2,word,primary,2,62.57261905
dʒoondaar,CVVC,daar,aa,IA0,2,phrase,secondary,1,143.295704
dʒoondaar,CVVC,daar,aa,IA0,2,word,secondary,1,112.4461551
gandgii,CVCC,gand,a,IA0,2,phrase,unstressed,1,64.23851103
gandgii,CVCC,gand,a,IA0,2,word,unstressed,1,58.59155093
gandyo,CVCC,gand,a,IA0,2,phrase,primary,1,67.30872101
gandyo,CVCC,gand,a,IA0,2,word,primary,1,59.87008365
gaɽku,CVC,gaɽ,a,IA0,2,word,primary,1,73.16214917
gaɽku,CVC,gaɽ,a,IA0,2,phrase,primary,1,71.12996032
gaɽkuu,CVC,gaɽ,a,IA0,2,phrase,unstressed,1,89.75985928
gaɽkuu,CVC,gaɽ,a,IA0,2,word,unstressed,1,77.03686709
godaaɽ,CVVC,daaɽ,aa,IA0,2,phrase,primary,1,163.3604765
godaaɽ,CVVC,daaɽ,aa,IA0,2,word,primary,1,134.4882798
kaardaar,CVVC,daar,aa,IA0,2,phrase,secondary,1,148.673081
kaardaar,CVVC,daar,aa,IA0,2,word,secondary,1,125.8200131
kaaɣaa,CVV,kaa,aa,IA0,2,phrase,primary,1,145.5433854
kaaɣaa,CVV,kaa,aa,IA0,2,word,primary,1,121.5273442
kaaɣaaz,CVV,kaa,aa,IA0,2,phrase,secondary,1,149.7429195
kaaɣaaz,CVV,kaa,aa,IA0,2,word,secondary,1,78.37450466
kaca,CV,ka,a,IA0,2,phrase,primary,1,62.27822834
kaca,CV,ka,a,IA0,2,word,primary,1,46.99615515
kacar,CV,ka,a,IA0,2,phrase,unstressed,1,61.35412913
kacar,CV,ka,a,IA0,2,word,unstressed,1,43.76444995
kadaar,CVVC,daar,aa,IA0,2,phrase,primary,1,144.861494
kadaar,CVVC,daar,aa,IA0,2,word,primary,1,95.84573413
kutre,CVC,kut,u,IA0,2,phrase,primary,1,57.0171875
kutre,CVC,kut,u,IA0,2,word,primary,1,37.97196691
kutreez,CVC,kut,u,IA0,2,phrase,unstressed,1,52.08287927
kutreez,CVC,kut,u,IA0,2,word,unstressed,1,45.31085526
kʰaba,CV,kʰa,a,IA0,2,phrase,primary,2,54.56100962
kʰaba,CV,kʰa,a,IA0,2,phrase,primary,1,63.14270105
kʰaba,CV,kʰa,a,IA0,2,word,primary,1,45.30718954
kʰaba,CV,kʰa,a,IA0,2,word,primary,1,33.91597004
kʰabaaɽ,CV,kʰa,a,IA0,2,phrase,unstressed,1,50.28139035
kʰabaaɽ,CV,kʰa,a,IA0,2,word,unstressed,1,35.16829372
laŋgaar,CVVC,gaar,aa,IA0,2,phrase,primary,1,138.0904561
laŋgaar,CVVC,gaar,aa,IA0,2,word,primary,1,131.8020578
maza,CV,ma,a,IA0,2,phrase,primary,1,73.99712363
maza,CV,ma,a,IA0,2,word,primary,1,64.35111902
mazar,CV,ma,a,IA0,2,phrase,unstressed,1,71.42995548
mazar,CV,ma,a,IA0,2,word,unstressed,1,49.01203365
mazdaar,CVVC,daar,aa,IA0,2,phrase,primary,1,147.7062297
mazdaar,CVVC,daar,aa,IA0,2,word,primary,1,109.4632957
patʰre,CVC,patʰ,a,IA0,2,phrase,primary,1,64.81107742
patʰre,CVC,patʰ,a,IA0,2,word,primary,1,53.25618043
patʰreez,CVC,patʰ,a,IA0,2,phrase,unstressed,1,66.55145874
patʰreez,CVC,patʰ,a,IA0,2,word,unstressed,1,66.67213744
peekii,CVV,pee,ee,IA0,2,phrase,primary,1,118.9668299
peekii,CVV,pee,ee,IA0,2,phrase,primary,1,118.2042247
peekii,CVV,pee,ee,IA0,2,word,primary,1,94.56321487
peekii,CVV,pee,ee,IA0,2,word,primary,1,85.72126437
peekiiz,CVV,pee,ee,IA0,2,phrase,secondary,1,119.3943762
peekiiz,CVV,pee,ee,IA0,2,word,secondary,1,89.28017356
saŋgtoob,CVCC,saŋg,a,IA0,2,phrase,unstressed,1,65.44273668
saŋgtoob,CVCC,saŋg,a,IA0,2,word,unstressed,1,51.51952757
saŋgyo,CVCC,saŋg,a,IA0,2,phrase,primary,1,54.66853448
saŋgyo,CVCC,saŋg,a,IA0,2,word,primary,2,54.50336871
yaka,CV,ya,a,IA0,2,phrase,primary,1,77.85215305
yaka,CV,ya,a,IA0,2,word,primary,1,66.65183943
yakaɽ,CV,ya,a,IA0,2,phrase,unstressed,1,68.18494276
yakaɽ,CV,ya,a,IA0,2,word,unstressed,1,58.2750969
čeebii,CVV,čee,ee,IA0,2,phrase,primary,1,105.6608199
čeebii,CVV,čee,ee,IA0,2,word,primary,1,96.62359246
čeebiiz,CVV,čee,ee,IA0,2,phrase,secondary,1,117.4140885
čeebiiz,CVV,čee,ee,IA0,2,word,secondary,1,81.42653354
ɖaaŋgaar,CVVC,gaar,aa,IA0,2,phrase,secondary,1,141.3492257
ɖaaŋgaar,CVVC,gaar,aa,IA0,2,word,secondary,1,108.3148392
ɖeekii,CVV,ɖee,ee,IA0,2,phrase,primary,1,114.1415344
ɖeekii,CVV,ɖee,ee,IA0,2,word,primary,1,102.5971621
ɖeekiiz,CVV,ɖee,ee,IA0,2,phrase,secondary,1,124.4053276
ɖeekiiz,CVV,ɖee,ee,IA0,2,word,secondary,1,103.7441278
aazvaaɳ,CVVC,vaaɳ,aa,AR0,1,phrase,secondary,1,218.8920518
aazvaaɳ,CVVC,vaaɳ,aa,AR0,1,word,secondary,1,192.4627753
bazvaaɳ,CVVC,vaaɳ,aa,AR0,1,phrase,primary,1,153.5424877
bazvaaɳ,CVVC,vaaɳ,aa,AR0,1,word,primary,1,214.7704529
beeɣii,CVV,bee,ẽẽ,AR0,1,phrase,primary,1,219.585435
beeɣii,CVV,bee,ẽẽ,AR0,1,word,primary,1,185.0262097
beeɣiiz,CVV,bee,ẽẽ,AR0,1,phrase,secondary,1,194.7912499
beeɣiiz,CVV,bee,ẽẽ,AR0,1,word,secondary,1,142.2281626
belti,CVC,bel,e,AR0,1,phrase,primary,3,178.7987923
belti,CVC,bel,e,AR0,1,word,primary,3,160.9169095
beltiiz,CVC,bel,e,AR0,1,phrase,unstressed,1,184.1045455
beltiiz,CVC,bel,e,AR0,1,word,unstressed,1,157.5296053
cuki,CV,cu,u,AR0,1,phrase,primary,1,87.26116871
cuki,CV,cu,u,AR0,1,word,primary,1,101.4450572
cukiiɳ,CV,cu,u,AR0,1,phrase,unstressed,1,77.43084491
cukiiɳ,CV,cu,u,AR0,1,word,unstressed,1,67.51230159
daaɣdaar,CVVC,daar,aa,AR0,1,phrase,secondary,1,234.0973261
daaɣdaar,CVVC,daar,aa,AR0,1,word,secondary,1,208.8653247
dʒantrii,CVCC,dʒant,a,AR0,1,phrase,unstressed,1,96.20170543
dʒantrii,CVCC,dʒant,a,AR0,1,word,unstressed,1,88.72528628
dʒantriyo,CVCC,dʒant,a,AR0,1,phrase,primary,1,82.26880176
dʒantriyo,CVCC,dʒant,a,AR0,1,word,primary,1,86.13735814
dʒoondaar,CVVC,daar,aa,AR0,1,phrase,secondary,1,212.4065903
dʒoondaar,CVVC,daar,aa,AR0,1,word,secondary,1,151.5273138
gandgii,CVCC,gand,a,AR0,1,phrase,unstressed,1,92.70671838
gandgii,CVCC,gand,a,AR0,1,word,unstressed,1,94.67685636
gandyo,CVCC,gand,a,AR0,1,phrase,primary,1,103.4088731
gandyo,CVCC,gand,a,AR0,1,word,primary,1,87.80655218
godaaɽ,CVVC,daaɽ,aa,AR0,1,phrase,primary,1,228.9830389
godaaɽ,CVVC,daaɽ,aa,AR0,1,word,primary,1,248.5607311
kaardaar,CVVC,daar,aa,AR0,1,phrase,secondary,1,220.4307629
kaardaar,CVVC,daar,aa,AR0,1,word,secondary,1,205.7710101
kaaɣaa,CVV,kaa,aa,AR0,1,phrase,primary,1,187.6410811
kaaɣaa,CVV,kaa,aa,AR0,1,word,primary,1,168.5767682
kaaɣaaz,CVV,kaa,aa,AR0,1,phrase,secondary,1,184.5269997
kaaɣaaz,CVV,kaa,aa,AR0,1,word,secondary,1,165.235366
kaca,CV,ka,a,AR0,1,phrase,primary,1,74.32820664
kaca,CV,ka,a,AR0,1,word,primary,1,72.46656469
kacar,CV,ka,a,AR0,1,phrase,unstressed,1,85.88168724
kacar,CV,ka,a,AR0,1,word,unstressed,1,67.81438863
kadaar,CVVC,daar,aa,AR0,1,phrase,primary,1,263.4335034
kadaar,CVVC,daar,aa,AR0,1,word,primary,1,218.6059524
kutre,CVC,kut,u,AR0,1,phrase,primary,2,95.46126396
kutre,CVC,kut,u,AR0,1,word,primary,3,71.23511905
kutreez,CVC,kut,u,AR0,1,phrase,unstressed,1,72.66856812
kutreez,CVC,kut,u,AR0,1,word,unstressed,1,58.40668168
kʰaba,CV,kʰa,a,AR0,1,phrase,primary,1,107.4386597
kʰaba,CV,kʰa,a,AR0,1,word,primary,1,78.59944935
kʰabaaɽ,CV,kʰa,a,AR0,1,phrase,unstressed,1,83.33368652
kʰabaaɽ,CV,kʰa,a,AR0,1,word,unstressed,1,67.98516877
laŋgaar,CVVC,gaar,aa,AR0,1,phrase,primary,1,279.891176
laŋgaar,CVVC,gaar,aa,AR0,1,word,primary,1,239.9156901
maza,CV,ma,a,AR0,1,phrase,primary,1,114.4937226
maza,CV,ma,a,AR0,1,word,primary,1,94.55010417
mazar,CV,ma,a,AR0,1,phrase,unstressed,1,101.0411585
mazar,CV,ma,a,AR0,1,word,unstressed,1,102.9168925
mazdaar,CVVC,daar,aa,AR0,1,phrase,primary,1,258.1764004
mazdaar,CVVC,daar,aa,AR0,1,word,primary,1,235.2340678
mistrii,CVCC,mist,i,AR0,1,phrase,unstressed,1,96.32219251
mistrii,CVCC,mist,i,AR0,1,word,unstressed,1,65.20578025
mistriyo,CVCC,mist,i,AR0,1,phrase,primary,1,99.08968664
mistriyo,CVCC,mist,i,AR0,1,word,primary,1,89.64797913
muski,CVC,mus,u,AR0,1,phrase,primary,1,97.83629528
muski,CVC,mus,u,AR0,1,word,primary,1,88.15312865
muskii,CVC,mus,u,AR0,1,phrase,unstressed,1,91.3376568
muskii,CVC,mus,u,AR0,1,word,unstressed,1,79.15343067
patʰre,CVC,patʰ,a,AR0,1,phrase,primary,1,83.48651033
patʰre,CVC,patʰ,a,AR0,1,word,primary,1,74.24563342
patʰreez,CVC,patʰ,a,AR0,1,phrase,unstressed,1,77.11401219
patʰreez,CVC,patʰ,a,AR0,1,word,unstressed,1,61.5120479
peekiiz,CVV,pee,ee,AR0,1,phrase,secondary,1,153.2705608
peekiiz,CVV,pee,ee,AR0,1,word,secondary,1,123.8250103
saŋgtoob,CVCC,saŋg,a,AR0,1,phrase,unstressed,1,73.41708333
saŋgtoob,CVCC,saŋg,a,AR0,1,word,unstressed,1,67.17444649
saŋgyo,CVCC,saŋg,a,AR0,1,phrase,primary,1,87.08714376
saŋgyo,CVCC,saŋg,a,AR0,1,word,primary,1,91.05805243
yaka,CV,ya,a,AR0,1,phrase,primary,1,106.755191
yaka,CV,ya,a,AR0,1,word,primary,1,96.59407755
yaka,CV,ya,a,AR0,1,phrase,primary,1,110.3600271
yaka,CV,ya,a,AR0,1,word,primary,1,72.97955898
yakaɽ,CV,ya,a,AR0,1,phrase,unstressed,1,97.6517316
yakaɽ,CV,ya,a,AR0,1,word,unstressed,1,79.537247
čeebii,CVV,čee,ee,AR0,1,phrase,primary,1,175.5058864
čeebii,CVV,čee,ee,AR0,1,word,primary,1,153.7514747
čeebiiz,CVV,čee,ee,AR0,1,phrase,secondary,1,158.8482845
čeebiiz,CVV,čee,ee,AR0,1,word,secondary,1,134.705666
ɖaaŋgaar,CVVC,gaar,aa,AR0,1,phrase,secondary,1,205.3467954
ɖaaŋgaar,CVVC,gaar,aa,AR0,1,word,secondary,1,196.2956405
ɖeekii,CVV,ɖee,ee,AR0,1,phrase,primary,1,164.7175674
ɖeekii,CVV,ɖee,ee,AR0,1,word,primary,1,151.3969104
ɖeekiiz,CVV,ɖee,ee,AR0,1,phrase,secondary,1,158.8355489
ɖeekiiz,CVV,ɖee,ee,AR0,1,word,secondary,1,134.6779376
aazvaaɳ,CVVC,vaaɳ,aa,AR0,2,phrase,secondary,1,191.4679879
aazvaaɳ,CVVC,vaaɳ,aa,AR0,2,word,secondary,1,177.1107191
bazvaaɳ,CVVC,vaaɳ,aa,AR0,2,phrase,primary,1,203.0553779
bazvaaɳ,CVVC,vaaɳ,aa,AR0,2,word,primary,1,158.5579254
beeɣii,CVV,bee,ẽẽ,AR0,2,phrase,primary,1,216.3854362
beeɣii,CVV,bee,ẽẽ,AR0,2,word,primary,1,181.1646412
beeɣiiz,CVV,bee,ẽẽ,AR0,2,phrase,secondary,1,180.4355624
beeɣiiz,CVV,bee,ẽẽ,AR0,2,word,secondary,1,171.5443144
cuki,CV,cu,u,AR0,2,phrase,primary,1,78.7362174
cuki,CV,cu,u,AR0,2,word,primary,1,63.80775578
cukiiɳ,CV,cu,u,AR0,2,phrase,unstressed,1,72.54602459
cukiiɳ,CV,cu,u,AR0,2,word,unstressed,1,64.78431373
daaɣdaar,CVVC,daar,aa,AR0,2,phrase,secondary,1,196.5021904
daaɣdaar,CVVC,daar,aa,AR0,2,word,secondary,1,165.1879566
dʒantrii,CVCC,dʒant,a,AR0,2,phrase,unstressed,1,106.7118761
dʒantrii,CVCC,dʒant,a,AR0,2,word,unstressed,1,83.9404148
dʒantriyo,CVCC,dʒant,a,AR0,2,phrase,primary,1,103.5431443
dʒantriyo,CVCC,dʒant,a,AR0,2,word,primary,1,92.18296682
dʒoondaar,CVVC,daar,aa,AR0,2,phrase,secondary,1,216.3723406
dʒoondaar,CVVC,daar,aa,AR0,2,word,secondary,1,205.9068057
gandgii,CVCC,gand,a,AR0,2,phrase,unstressed,1,101.9103957
gandgii,CVCC,gand,a,AR0,2,word,unstressed,1,75.64109413
gandyo,CVCC,gand,a,AR0,2,phrase,primary,1,103.029998
gandyo,CVCC,gand,a,AR0,2,word,primary,1,82.11961382
godaaɽ,CVVC,daaɽ,aa,AR0,2,phrase,primary,1,237.95208
godaaɽ,CVVC,daaɽ,aa,AR0,2,word,primary,1,250.1827753
istrii,CVCC,ist,i,AR0,2,phrase,unstressed,1,128.1299636
istrii,CVCC,ist,i,AR0,2,word,unstressed,1,97.77396746
istriyo,CVCC,ist,i,AR0,2,phrase,primary,1,110.1993761
istriyo,CVCC,ist,i,AR0,2,word,primary,1,117.2004256
kaardaar,CVVC,daar,aa,AR0,2,phrase,secondary,1,237.9289132
kaardaar,CVVC,daar,aa,AR0,2,word,secondary,1,207.1375267
kaaɣaa,CVV,kaa,aa,AR0,2,phrase,primary,1,204.9219048
kaaɣaa,CVV,kaa,aa,AR0,2,word,primary,1,155.3861897
kaaɣaaz,CVV,kaa,aa,AR0,2,phrase,secondary,1,189.4806548
kaaɣaaz,CVV,kaa,aa,AR0,2,word,secondary,1,150.9992844
kaca,CV,ka,a,AR0,2,phrase,primary,1,88.5280192
kaca,CV,ka,a,AR0,2,word,primary,1,82.7454175
kacar,CV,ka,a,AR0,2,phrase,unstressed,1,84.0091079
kacar,CV,ka,a,AR0,2,word,unstressed,1,81.9544191
kadaar,CVVC,daar,aa,AR0,2,phrase,primary,1,262.921087
kadaar,CVVC,daar,aa,AR0,2,word,primary,1,226.675004
kʰaba,CV,kʰa,a,AR0,2,phrase,primary,1,84.91333208
kʰaba,CV,kʰa,a,AR0,2,word,primary,1,77.72035769
kʰabaaɽ,CV,kʰa,a,AR0,2,phrase,unstressed,1,80.81675804
kʰabaaɽ,CV,kʰa,a,AR0,2,word,unstressed,1,72.63359179
laŋgaar,CVVC,gaar,aa,AR0,2,phrase,primary,1,238.1244759
laŋgaar,CVVC,gaar,aa,AR0,2,word,primary,1,213.3483097
maza,CV,ma,a,AR0,2,phrase,primary,1,97.02811478
maza,CV,ma,a,AR0,2,word,primary,1,117.7564687
mazar,CV,ma,a,AR0,2,phrase,unstressed,1,102.749876
mazar,CV,ma,a,AR0,2,word,unstressed,1,97.69264069
mazdaar,CVVC,daar,aa,AR0,2,phrase,primary,1,247.698856
mazdaar,CVVC,daar,aa,AR0,2,word,primary,1,213.2164791
mistrii,CVCC,mist,i,AR0,2,phrase,unstressed,1,94.22549482
mistrii,CVCC,mist,i,AR0,2,word,unstressed,1,87.5928842
mistriyo,CVCC,mist,i,AR0,2,phrase,primary,1,103.5681978
mistriyo,CVCC,mist,i,AR0,2,word,primary,1,88.49960317
muski,CVC,mus,u,AR0,2,phrase,primary,1,97.58655025
muski,CVC,mus,u,AR0,2,word,primary,1,72.534668
muskii,CVC,mus,u,AR0,2,phrase,unstressed,1,83.19503911
muskii,CVC,mus,u,AR0,2,word,unstressed,1,51.59808338
patʰre,CVC,patʰ,a,AR0,2,phrase,primary,1,82.28285993
patʰre,CVC,patʰ,a,AR0,2,word,primary,1,82.66886574
patʰreez,CVC,patʰ,a,AR0,2,phrase,unstressed,1,78.82163826
patʰreez,CVC,patʰ,a,AR0,2,word,unstressed,1,71.33298393
peekii,CVV,pee,ee,AR0,2,phrase,primary,1,164.08901
peekii,CVV,pee,ee,AR0,2,phrase,primary,1,174.5121292
peekii,CVV,pee,ee,AR0,2,word,primary,1,171.3804739
peekii,CVV,pee,ee,AR0,2,word,primary,1,165.6085069
peekiiz,CVV,pee,ee,AR0,2,phrase,secondary,1,149.0657993
peekiiz,CVV,pee,ee,AR0,2,word,secondary,1,136.7576923
saŋgtoob,CVCC,saŋg,a,AR0,2,phrase,unstressed,1,76.29864244
saŋgtoob,CVCC,saŋg,a,AR0,2,word,unstressed,1,75.48836436
saŋgyo,CVCC,saŋg,a,AR0,2,phrase,primary,1,97.73995027
saŋgyo,CVCC,saŋg,a,AR0,2,word,primary,1,114.9473322
yaka,CV,ya,a,AR0,2,phrase,primary,1,84.53970798
yaka,CV,ya,a,AR0,2,word,primary,1,75.69373512
yakaɽ,CV,ya,a,AR0,2,phrase,unstressed,1,101.0091373
yakaɽ,CV,ya,a,AR0,2,word,unstressed,1,76.06586439
čeebii,CVV,čee,ee,AR0,2,phrase,primary,1,168.7685636
čeebii,CVV,čee,ee,AR0,2,word,primary,1,131.7565657
čeebiiz,CVV,čee,ee,AR0,2,phrase,secondary,1,174.1773152
čeebiiz,CVV,čee,ee,AR0,2,word,secondary,1,142.1364241
ɖaaŋgaar,CVVC,gaar,aa,AR0,2,phrase,secondary,1,228.4451751
ɖaaŋgaar,CVVC,gaar,aa,AR0,2,word,secondary,1,192.8506293
ɖeekii,CVV,ɖee,ee,AR0,2,phrase,primary,1,158.8591737
ɖeekii,CVV,ɖee,ee,AR0,2,word,primary,1,139.6649632
ɖeekiiz,CVV,ɖee,ee,AR0,2,phrase,secondary,1,164.2000657
ɖeekiiz,CVV,ɖee,ee,AR0,2,word,secondary,1,138.3791288
aazvaaɳ,CVVC,vaaɳ,aa,NW0,1,phrase,secondary,1,160.3568156
aazvaaɳ,CVVC,vaaɳ,aa,NW0,1,word,secondary,1,137.8916278
bazvaaɳ,CVVC,vaaɳ,aa,NW0,1,phrase,primary,1,160.8435132
bazvaaɳ,CVVC,vaaɳ,aa,NW0,1,word,primary,1,142.1792328
beeɣii,CVV,bee,ẽẽ,NW0,1,phrase,primary,1,141.2889362
beeɣii,CVV,bee,ẽẽ,NW0,1,word,primary,1,141.0068247
beeɣiiz,CVV,bee,ẽẽ,NW0,1,phrase,secondary,1,143.7269571
beeɣiiz,CVV,bee,ẽẽ,NW0,1,word,secondary,1,128.9845238
cuki,CV,cu,u,NW0,1,phrase,primary,1,64.5240942
cuki,CV,cu,u,NW0,1,word,primary,1,61.68008242
cukiiɳ,CV,cu,u,NW0,1,phrase,unstressed,1,60.8726912
cukiiɳ,CV,cu,u,NW0,1,word,unstressed,1,47.16017389
daaɣdaar,CVVC,daar,aa,NW0,1,phrase,secondary,1,134.857072
daaɣdaar,CVVC,daar,aa,NW0,1,word,secondary,1,135.163717
dʒoondaar,CVVC,daar,aa,NW0,1,phrase,secondary,1,130.7838099
dʒoondaar,CVVC,daar,aa,NW0,1,word,secondary,1,138.3647917
gandgii,CVCC,gand,a,NW0,1,phrase,unstressed,1,79.99288366
gandgii,CVCC,gand,a,NW0,1,word,unstressed,1,54.55201263
gandyo,CVCC,gand,a,NW0,1,phrase,primary,1,77.29755583
gandyo,CVCC,gand,a,NW0,1,word,primary,1,78.54923977
godaaɽ,CVVC,daaɽ,aa,NW0,1,phrase,primary,1,154.764284
godaaɽ,CVVC,daaɽ,aa,NW0,1,word,primary,1,129.508514
istrii,CVCC,ist,i,NW0,1,word,unstressed,1,88.83264713
istriyo,CVCC,ist,i,NW0,1,word,primary,1,90.57408097
kaardaar,CVVC,daar,aa,NW0,1,phrase,secondary,1,142.3918171
kaardaar,CVVC,daar,aa,NW0,1,word,secondary,1,135.4406244
kaaɣaa,CVV,kaa,aa,NW0,1,phrase,primary,1,115.2060044
kaaɣaa,CVV,kaa,aa,NW0,1,word,primary,1,161.6755598
kaaɣaaz,CVV,kaa,aa,NW0,1,phrase,secondary,1,131.0650542
kaaɣaaz,CVV,kaa,aa,NW0,1,word,secondary,1,106.2925198
kaca,CV,ka,a,NW0,1,phrase,primary,1,79.84489214
kaca,CV,ka,a,NW0,1,word,primary,1,63.52212913
kacar,CV,ka,a,NW0,1,phrase,unstressed,1,68.77982531
kacar,CV,ka,a,NW0,1,word,unstressed,1,63.99844913
kadaar,CVVC,daar,aa,NW0,1,phrase,primary,1,139.4329067
kadaar,CVVC,daar,aa,NW0,1,word,primary,1,122.6073417
kutre,CVC,kut,u,NW0,1,phrase,primary,1,51.51310351
kutre,CVC,kut,u,NW0,1,word,primary,1,53.72392677
kutreez,CVC,kut,u,NW0,1,phrase,unstressed,1,65.19415727
kutreez,CVC,kut,u,NW0,1,word,unstressed,1,47.07731554
kʰaba,CV,kʰa,a,NW0,1,phrase,primary,1,68.19802369
kʰaba,CV,kʰa,a,NW0,1,word,primary,1,61.93090535
kʰabaaɽ,CV,kʰa,a,NW0,1,phrase,unstressed,1,61.57691833
kʰabaaɽ,CV,kʰa,a,NW0,1,word,unstressed,1,57.66753076
laŋgaar,CVVC,gaar,aa,NW0,1,phrase,primary,1,142.8286267
laŋgaar,CVVC,gaar,aa,NW0,1,word,primary,1,124.6243056
maza,CV,ma,a,NW0,1,phrase,primary,1,102.5152127
maza,CV,ma,a,NW0,1,word,primary,1,83.03971354
mazar,CV,ma,a,NW0,1,phrase,unstressed,1,81.10178294
mazar,CV,ma,a,NW0,1,word,unstressed,1,73.2275792
mazdaar,CVVC,daar,aa,NW0,1,phrase,primary,1,139.6712072
mazdaar,CVVC,daar,aa,NW0,1,word,primary,1,125.145705
mistrii,CVCC,mist,i,NW0,1,word,unstressed,1,47.27829424
mistriyo,CVCC,mist,i,NW0,1,word,primary,1,60.43113426
patʰre,CVC,patʰ,a,NW0,1,phrase,primary,1,85.78128222
patʰre,CVC,patʰ,a,NW0,1,word,primary,1,61.84140625
patʰreez,CVC,patʰ,a,NW0,1,phrase,unstressed,1,79.27769842
patʰreez,CVC,patʰ,a,NW0,1,word,unstressed,1,54.66544316
peekiiz,CVV,pee,ee,NW0,1,phrase,secondary,1,114.3095242
peekiiz,CVV,pee,ee,NW0,1,word,secondary,1,100.0256963
saŋgtoob,CVCC,saŋg,a,NW0,1,phrase,unstressed,1,71.90707701
saŋgtoob,CVCC,saŋg,a,NW0,1,word,unstressed,1,56.63302139
saŋgyo,CVCC,saŋg,a,NW0,1,phrase,primary,3,91.94544921
saŋgyo,CVCC,saŋg,a,NW0,1,word,primary,3,61.56866512
yaka,CV,ya,a,NW0,1,phrase,primary,1,79.75110553
yaka,CV,ya,a,NW0,1,word,primary,1,63.3866342
yakaɽ,CV,ya,a,NW0,1,phrase,unstressed,1,61.21990012
yakaɽ,CV,ya,a,NW0,1,word,unstressed,1,62.11792851
čeebii,CVV,čee,ee,NW0,1,phrase,primary,1,138.1791045
čeebii,CVV,čee,ee,NW0,1,word,primary,1,117.174206
čeebiiz,CVV,čee,ee,NW0,1,phrase,secondary,1,130.4601882
čeebiiz,CVV,čee,ee,NW0,1,word,secondary,1,105.2516738
ɖaaŋgaar,CVVC,gaar,aa,NW0,1,phrase,secondary,1,138.6993256
ɖaaŋgaar,CVVC,gaar,aa,NW0,1,word,secondary,1,116.076704
ɖeekii,CVV,ɖee,ee,NW0,1,phrase,primary,1,128.8664392
ɖeekii,CVV,ɖee,ee,NW0,1,word,primary,1,124.4747445
ɖeekiiz,CVV,ɖee,ee,NW0,1,phrase,secondary,1,123.6632539
ɖeekiiz,CVV,ɖee,ee,NW0,1,word,secondary,1,112.0493308
aazvaaɳ,CVVC,vaaɳ,aa,NW0,2,phrase,secondary,1,149.7210505
aazvaaɳ,CVVC,vaaɳ,aa,NW0,2,word,secondary,1,105.6165865
bazvaaɳ,CVVC,vaaɳ,aa,NW0,2,phrase,primary,1,139.8032429
bazvaaɳ,CVVC,vaaɳ,aa,NW0,2,word,primary,1,112.2476624
beeɣii,CVV,bee,ẽẽ,NW0,2,phrase,primary,1,123.1619544
beeɣii,CVV,bee,ẽẽ,NW0,2,word,primary,1,119.1650951
beeɣiiz,CVV,bee,ẽẽ,NW0,2,phrase,secondary,1,117.8506489
beeɣiiz,CVV,bee,ẽẽ,NW0,2,word,secondary,1,120.7168109
belti,CVC,bel,e,NW0,2,phrase,primary,3,106.8368703
belti,CVC,bel,e,NW0,2,word,primary,3,87.83611919
beltiiz,CVC,bel,e,NW0,2,phrase,unstressed,1,117.1070116
beltiiz,CVC,bel,e,NW0,2,word,unstressed,1,107.9187634
cuki,CV,cu,u,NW0,2,phrase,primary,1,73.55661363
cuki,CV,cu,u,NW0,2,word,primary,1,58.9250372
cukiiɳ,CV,cu,u,NW0,2,phrase,unstressed,1,88.28893849
cukiiɳ,CV,cu,u,NW0,2,word,unstressed,1,78.95611197
daaɣdaar,CVVC,daar,aa,NW0,2,phrase,secondary,1,70.11885846
daaɣdaar,CVVC,daar,aa,NW0,2,word,secondary,1,147.439068
dʒoondaar,CVVC,daar,aa,NW0,2,phrase,secondary,1,128.1264937
dʒoondaar,CVVC,daar,aa,NW0,2,word,secondary,1,123.8476184
gandgii,CVCC,gand,a,NW0,2,phrase,unstressed,1,74.94696691
gandgii,CVCC,gand,a,NW0,2,word,unstressed,1,60.05981217
gandyo,CVCC,gand,a,NW0,2,phrase,primary,2,89.74311224
gandyo,CVCC,gand,a,NW0,2,word,primary,2,66.0176918
gaɽku,CVC,gaɽ,a,NW0,2,word,primary,1,105.8504397
gaɽku,CVC,gaɽ,a,NW0,2,phrase,primary,1,77.03413475
gaɽkuu,CVC,gaɽ,a,NW0,2,phrase,unstressed,1,78.37834821
gaɽkuu,CVC,gaɽ,a,NW0,2,word,unstressed,1,80.04857357
godaaɽ,CVVC,daaɽ,aa,NW0,2,phrase,primary,1,152.788044
godaaɽ,CVVC,daaɽ,aa,NW0,2,word,primary,1,126.8157697
istrii,CVCC,ist,i,NW0,2,phrase,unstressed,1,95.11581906
istriyo,CVCC,ist,i,NW0,2,phrase,primary,1,110.1597097
kaardaar,CVVC,daar,aa,NW0,2,phrase,secondary,1,126.9452944
kaardaar,CVVC,daar,aa,NW0,2,word,secondary,1,122.8159235
kaaɣaa,CVV,kaa,aa,NW0,2,phrase,primary,1,119.5932728
kaaɣaa,CVV,kaa,aa,NW0,2,word,primary,1,121.6197822
kaaɣaaz,CVV,kaa,aa,NW0,2,phrase,secondary,1,130.475999
kaaɣaaz,CVV,kaa,aa,NW0,2,word,secondary,1,110.0441275
kaca,CV,ka,a,NW0,2,phrase,primary,1,70.55738872
kaca,CV,ka,a,NW0,2,phrase,primary,1,72.96303252
kaca,CV,ka,a,NW0,2,word,primary,1,64.53874008
kaca,CV,ka,a,NW0,2,word,primary,1,63.58391227
kacar,CV,ka,a,NW0,2,phrase,unstressed,1,74.34945286
kacar,CV,ka,a,NW0,2,word,unstressed,1,63.34031723
kadaar,CVVC,daar,aa,NW0,2,phrase,primary,1,140.5109197
kadaar,CVVC,daar,aa,NW0,2,word,primary,1,145.6607182
kutre,CVC,kut,u,NW0,2,phrase,primary,1,53.85633174
kutre,CVC,kut,u,NW0,2,word,primary,1,61.21915509
kutreez,CVC,kut,u,NW0,2,phrase,unstressed,1,48.7896077
kutreez,CVC,kut,u,NW0,2,word,unstressed,1,48.2098064
kʰaba,CV,kʰa,a,NW0,2,phrase,primary,1,78.32127438
kʰaba,CV,kʰa,a,NW0,2,word,primary,1,59.4673157
kʰabaaɽ,CV,kʰa,a,NW0,2,phrase,unstressed,1,68.47542351
kʰabaaɽ,CV,kʰa,a,NW0,2,word,unstressed,1,73.67340686
laŋgaar,CVVC,gaar,aa,NW0,2,phrase,primary,1,151.7385204
laŋgaar,CVVC,gaar,aa,NW0,2,word,primary,1,124.5328419
maza,CV,ma,a,NW0,2,phrase,primary,1,84.06562031
maza,CV,ma,a,NW0,2,word,primary,1,83.6303834
mazar,CV,ma,a,NW0,2,phrase,unstressed,1,80.42307847
mazar,CV,ma,a,NW0,2,word,unstressed,1,75.21802083
mazdaar,CVVC,daar,aa,NW0,2,phrase,primary,1,147.319494
mazdaar,CVVC,daar,aa,NW0,2,word,primary,1,137.5019676
muski,CVC,mus,u,NW0,2,phrase,primary,1,77.50589857
muski,CVC,mus,u,NW0,2,word,primary,1,63.11231169
muskii,CVC,mus,u,NW0,2,phrase,unstressed,1,64.37965571
muskii,CVC,mus,u,NW0,2,word,unstressed,1,50.16815476
patʰre,CVC,patʰ,a,NW0,2,phrase,primary,1,78.01062226
patʰre,CVC,patʰ,a,NW0,2,word,primary,1,90.82126323
patʰreez,CVC,patʰ,a,NW0,2,phrase,unstressed,1,74.33694172
patʰreez,CVC,patʰ,a,NW0,2,phrase,unstressed,1,82.51970109
patʰreez,CVC,patʰ,a,NW0,2,word,unstressed,1,60.07873932
patʰreez,CVC,patʰ,a,NW0,2,word,unstressed,1,47.96843434
peekii,CVV,pee,ee,NW0,2,phrase,primary,1,119.016604
peekii,CVV,pee,ee,NW0,2,phrase,primary,1,130.7981818
peekii,CVV,pee,ee,NW0,2,word,primary,1,103.7054962
peekii,CVV,pee,ee,NW0,2,word,primary,1,109.4415404
peekiiz,CVV,pee,ee,NW0,2,phrase,secondary,1,137.3736715
peekiiz,CVV,pee,ee,NW0,2,word,secondary,1,104.6079487
yaka,CV,ya,a,NW0,2,phrase,primary,1,77.56677303
yaka,CV,ya,a,NW0,2,word,primary,1,68.54711806
yaka,CV,ya,a,NW0,2,phrase,primary,1,72.56402244
yaka,CV,ya,a,NW0,2,word,primary,1,75.37824074
yakaɽ,CV,ya,a,NW0,2,phrase,unstressed,1,50.6870916
yakaɽ,CV,ya,a,NW0,2,word,unstressed,1,73.09232955
čeebii,CVV,čee,ee,NW0,2,phrase,primary,1,146.9355159
čeebii,CVV,čee,ee,NW0,2,word,primary,1,132.4197695
čeebiiz,CVV,čee,ee,NW0,2,phrase,secondary,1,106.8232019
čeebiiz,CVV,čee,ee,NW0,2,word,secondary,1,96.81597222
ɖaaŋgaar,CVVC,gaar,aa,NW0,2,phrase,secondary,1,133.7789151
ɖaaŋgaar,CVVC,gaar,aa,NW0,2,word,secondary,1,115.3638355
ɖeekii,CVV,ɖee,ee,NW0,2,phrase,primary,1,118.699226
ɖeekii,CVV,ɖee,ee,NW0,2,word,primary,1,94.74343885
ɖeekiiz,CVV,ɖee,ee,NW0,2,phrase,secondary,1,104.9299044
ɖeekiiz,CVV,ɖee,ee,NW0,2,word,secondary,1,104.1101421